{"batch loss": 10.345634460449219, "_timestamp": 1684354101.7328806, "_runtime": 58.84103560447693, "_step": 2}